Workbook

Sheet START_HERE
A1: Fruit of the Spirit Reflection / Fruit of the Spirit 360 Starter Workbook
A2: Purpose | B2: One workbook for the self-only reflection and the future 360 peer version.
A3: Core Positioning | B3: This is not a label. It is a mirror for spiritual growth.
A4: Bridge Line | B4: The fruit reveals what is becoming visible in your life; DesignID helps you understand the God-given design through which that fruit is meant to be expressed.
A6: Recommended Build Order
A7: 1 | B7: Review Question_Bank.
A8: 2 | B8: Use Response_Intake as the raw form response tab.
A9: 3 | B9: Use Report_Export as the report-ready output row.
A10: 4 | B10: Use Report_Control to select a report row for preview/PDFMonkey.
A11: 5 | B11: Use PDFMonkey_Payload if you later build a DPG-style Make/PDFMonkey flow.
A13: Important Rule | B13: Open comments are for the peer/360 version only, not for the self-review version.
A15: Workbook Tab Map
A16: Tab Name | B16: Purpose | C16: Copy/Paste Status
A17: START_HERE | B17: Plain-language setup notes for the workbook. | C17: Create manually.
A18: Assessment_Config | B18: Core settings, scale labels, report positioning, and version details. | C18: Use rating-scale.tsv and core language from product brief.
A19: Question_Bank | B19: Master list of the 27 rating statements and definitions. | C19: Use question-bank.tsv.
A20: Participant_Setup | B20: One row per person receiving a report. | C20: Create from intake or manually.
A21: Response_Intake | B21: Raw form responses from self and peer reviewers. | C21: Use response-intake-columns.tsv as headers.
A22: Report_Queue | B22: Tracks which reports are ready, queued, generated, or sent. | C22: Create manually, same spirit as DPG.
A23: Report_Data | B23: Helper calculations and fruit averages by participant. | C23: Formula-driven.
A24: Report_Export | B24: Clean report-ready row for PDFMonkey or page rendering. | C24: Use report-export-columns.tsv as headers.
A25: Report_Control | B25: Select one Participant_ID to preview/test a report. | C25: Create manually.
A26: PDFMonkey_Payload | B26: Final payload fields if using the DPG-style PDFMonkey path. | C26: Can mirror Report_Export later.
A27: Version_Notes | B27: Change log for question, scoring, and report language changes. | C27: Create manually.

Sheet Assessment_Config
A1: Assessment Name - Self Version | B1: Fruit of the Spirit Reflection
A2: Assessment Name - Peer Version | B2: Fruit of the Spirit 360
A3: Review Types | B3: Self, Peer
A4: Core Positioning | B4: This is not a label. It is a mirror for spiritual growth.
A5: Bridge Line | B5: The fruit reveals what is becoming visible in your life; DesignID helps you understand the God-given design through which that fruit is meant to be expressed.
A7: Rating Scale
A8: Score | B8: Label | C8: Report Language
A9: 1 | B9: Rarely visible | C9: This fruit may be less visible right now and could become an intentional area of growth.
A10: 2 | B10: Occasionally visible | C10: This fruit appears at times, but may not yet be expressed consistently.
A11: 3 | B11: Sometimes visible | C11: This fruit is meaningfully present, with room for greater consistency and maturity.
A12: 4 | B12: Often visible | C12: This fruit is often visible and appears to be a growing strength.
A13: 5 | B13: Consistently visible | C13: This fruit is consistently visible and appears to be a mature, practiced expression.
A15: Forced Sort Prompts
A16: Mode | B16: Prompt | C16: Instruction
A17: Self | B17: Most Visible Fruit | C17: Select the three fruit that feel most consistently visible in your life right now.
A18: Self | B18: Growth Focus Fruit | C18: Select the three fruit you sense God may be inviting you to intentionally cultivate in this season.
A19: Peer | B19: Most Visible Fruit | C19: Select the three fruit that seem most consistently visible in this person's life right now.
A20: Peer | B20: Growth Focus Fruit | C20: Select the three fruit that may be most valuable for this person to intentionally cultivate in this season.
A22: Open Comment Field Rules
A23: Mode | B23: Field | C23: Use
A24: Self | B24: Peer_Comment_Strength | C24: Do not show.
A25: Self | B25: Peer_Comment_Growth | C25: Do not show.
A26: Self | B26: Peer_Comment_Encouragement | C26: Do not show.
A27: Peer | B27: Peer_Comment_Strength | C27: Optional: Where do you most clearly see fruit in this person's life?
A28: Peer | B28: Peer_Comment_Growth | C28: Optional: Where might growth or intentional cultivation be helpful?
A29: Peer | B29: Peer_Comment_Encouragement | C29: Optional: What encouragement would you offer this person?
A31: Report Language By Fruit
A32: Fruit | B32: High Reflection | C32: Growth Reflection | D32: Suggested Practice
A33: Love | B33: Love appears to be a visible and life-giving strength. This person likely moves toward others with care, service, and compassion. | C33: Growth in love may involve moving toward people more intentionally, especially when it is inconvenient or costly. | D33: Choose one person this week to serve quietly and specifically without needing recognition.
A34: Joy | B34: Joy appears to be a visible source of hope and perspective. This person may help others remember goodness even in imperfect circumstances. | C34: Growth in joy may involve practicing gratitude and learning to celebrate God's work without comparison. | D34: Write down three evidences of God's goodness each day for seven days.
A35: Peace | B35: Peace appears to be a visible form of steadiness. This person may help calm, reconcile, and stabilize the spaces they enter. | C35: Growth in peace may involve learning to pause, pray, and pursue reconciliation before reacting to anxiety or conflict. | D35: Before responding to tension, pause for one minute and ask, "What would make for peace here?"
A36: Patience | B36: Patience appears to be a visible strength in the way this person handles delay, process, and people. | C36: Growth in patience may involve giving people and processes more room without rushing, shaming, or withdrawing. | D36: Identify one slow process or difficult person and choose a faithful response before the next interaction.
A37: Kindness | B37: Kindness appears to be a visible expression of care through words, presence, and practical help. | C37: Growth in kindness may involve becoming more attentive to small opportunities to encourage and dignify others. | D37: Give one specific encouragement each day to someone who may not expect it.
A38: Goodness | B38: Goodness appears to be visible through integrity, conviction, and active commitment to what is right and life-giving. | C38: Growth in goodness may involve aligning private choices, public actions, and stated values more fully. | D38: Review one decision this week through the question, "What is the most faithful and life-giving option?"
A39: Faithfulness | B39: Faithfulness appears to be visible through reliability, loyalty, and steady follow-through over time. | C39: Growth in faithfulness may involve strengthening consistency where commitments, relationships, or responsibilities have become easy to neglect. | D39: Choose one commitment that needs renewed attention and take one concrete step of follow-through.
A40: Gentleness | B40: Gentleness appears to be visible as strength under control, expressed with humility and care. | C40: Growth in gentleness may involve bringing truth or strength with less pressure, harshness, or defensiveness. | D40: In one hard conversation, focus on being both truthful and tender.
A41: Self-Control | B41: Self-control appears to be visible through disciplined responses, habits, words, and choices. | C41: Growth in self-control may involve surrendering impulsive reactions and practicing wiser rhythms. | D41: Choose one recurring impulse and create a simple pause, prayer, or boundary before acting on it.

Sheet Question_Bank
A1: Fruit | B1: Code | C1: Definition | D1: Self Rating Statement | E1: Peer Rating Statement
A2: Love | B2: LOVE_01 | C2: Sacrificial care that moves toward others for their good. | D2: I move toward others with genuine care, even when it costs me time, comfort, or convenience. | E2: This person moves toward others with genuine care, even when it costs time, comfort, or convenience.
A3: Love | B3: LOVE_02 | C3: Sacrificial care that moves toward others for their good. | D3: I show concern for people as whole persons, not just for what they can accomplish or provide. | E3: This person shows concern for people as whole persons, not just for what they can accomplish or provide.
A4: Love | B4: LOVE_03 | C4: Sacrificial care that moves toward others for their good. | D4: I choose patience, service, and compassion when others are difficult, inconvenient, or different from me. | E4: This person chooses patience, service, and compassion when others are difficult, inconvenient, or different from them.
A5: Joy | B5: JOY_01 | C5: Deep gladness rooted in God that can remain present beyond circumstances. | D5: I am able to carry a steady gladness that is not dependent only on circumstances going my way. | E5: This person carries a steady gladness that is not dependent only on circumstances going their way.
A6: Joy | B6: JOY_02 | C6: Deep gladness rooted in God that can remain present beyond circumstances. | D6: I help create hope, gratitude, and life-giving perspective in the people around me. | E6: This person helps create hope, gratitude, and life-giving perspective in the people around them.
A7: Joy | B7: JOY_03 | C7: Deep gladness rooted in God that can remain present beyond circumstances. | D7: I can celebrate what God is doing in others without comparison, resentment, or competition. | E7: This person can celebrate what God is doing in others without comparison, resentment, or competition.
A8: Peace | B8: PEACE_01 | C8: Settled trust in God that brings steadiness, reconciliation, and calm. | D8: I remain grounded and steady when circumstances, people, or outcomes feel uncertain. | E8: This person remains grounded and steady when circumstances, people, or outcomes feel uncertain.
A9: Peace | B9: PEACE_02 | C9: Settled trust in God that brings steadiness, reconciliation, and calm. | D9: I help reduce anxiety, conflict, or confusion rather than adding to it. | E9: This person helps reduce anxiety, conflict, or confusion rather than adding to it.
A10: Peace | B10: PEACE_03 | C10: Settled trust in God that brings steadiness, reconciliation, and calm. | D10: I pursue reconciliation and wholeness when relationships become strained. | E10: This person pursues reconciliation and wholeness when relationships become strained.
A11: Patience | B11: PATIENCE_01 | C11: Steadfast endurance with people, process, weakness, and delay. | D11: I can stay faithful and composed when progress is slow or outcomes take longer than expected. | E11: This person stays faithful and composed when progress is slow or outcomes take longer than expected.
A12: Patience | B12: PATIENCE_02 | C12: Steadfast endurance with people, process, weakness, and delay. | D12: I give people room to grow without rushing, shaming, or giving up on them too quickly. | E12: This person gives people room to grow without rushing, shaming, or giving up on them too quickly.
... A28: Self-Control | B28: SELFCONTROL_03 | C28: Spirit-formed discipline that governs desires, reactions, words, and choices. | D28: I can delay immediate desires for what is wiser, healthier, or more faithful. | E28: This person can delay immediate desires for what is wiser, healthier, or more faithful.

Sheet Participant_Setup
A1: Participant_ID | B1: Participant_Name | C1: Participant_Email | D1: Assessment_Mode | E1: Status | F1: Created_Date | G1: Self_Form_Link | H1: Peer_Form_Link | I1: Notes

Sheet Response_Intake
A1: Timestamp | B1: Participant_ID | C1: Participant_Name | D1: Review_Type | E1: Reviewer_Name | F1: Reviewer_Email | G1: Relationship | H1: LOVE_01 | I1: LOVE_02 | J1: LOVE_03 | K1: JOY_01 | L1: JOY_02 | M1: JOY_03 | N1: PEACE_01 | O1: PEACE_02 | P1: PEACE_03 | Q1: PATIENCE_01 | R1: PATIENCE_02 | S1: PATIENCE_03 | T1: KINDNESS_01 | U1: KINDNESS_02 | V1: KINDNESS_03 | W1: GOODNESS_01 | X1: GOODNESS_02 | Y1: GOODNESS_03 | Z1: FAITHFULNESS_01 | AA1: FAITHFULNESS_02 | AB1: FAITHFULNESS_03 | AC1: GENTLENESS_01 | AD1: GENTLENESS_02 | AE1: GENTLENESS_03 | AF1: SELFCONTROL_01 | AG1: SELFCONTROL_02 | AH1: SELFCONTROL_03 | AI1: Most_Visible_1 | AJ1: Most_Visible_2 | AK1: Most_Visible_3 | AL1: Growth_Focus_1 | AM1: Growth_Focus_2 | AN1: Growth_Focus_3 | AO1: Peer_Comment_Strength | AP1: Peer_Comment_Growth | AQ1: Peer_Comment_Encouragement | AR1: Love_Avg | AS1: Joy_Avg | AT1: Peace_Avg | AU1: Patience_Avg | AV1: Kindness_Avg | AW1: Goodness_Avg | AX1: Faithfulness_Avg | AY1: Gentleness_Avg | AZ1: SelfControl_Avg
AR2: =IF(COUNTA(H2:J2)=0,"",AVERAGE(H2:J2)) | AS2: =IF(COUNTA(K2:M2)=0,"",AVERAGE(K2:M2)) | AT2: =IF(COUNTA(N2:P2)=0,"",AVERAGE(N2:P2)) | AU2: =IF(COUNTA(Q2:S2)=0,"",AVERAGE(Q2:S2)) | AV2: =IF(COUNTA(T2:V2)=0,"",AVERAGE(T2:V2)) | AW2: =IF(COUNTA(W2:Y2)=0,"",AVERAGE(W2:Y2)) | AX2: =IF(COUNTA(Z2:AB2)=0,"",AVERAGE(Z2:AB2)) | AY2: =IF(COUNTA(AC2:AE2)=0,"",AVERAGE(AC2:AE2)) | AZ2: =IF(COUNTA(AF2:AH2)=0,"",AVERAGE(AF2:AH2))

Sheet Report_Queue
A1: Participant_ID | B1: Participant_Name | C1: Assessment_Mode | D1: Self_Complete | E1: Peer_Response_Count | F1: Report_Status | G1: Queued_Date | H1: Generated_Date | I1: Sent_Date | J1: Notes

Sheet Report_Data
A1: Report_Data
A2: Purpose | B2: Intermediate calculation layer. For v1, formulas can live in Report_Export. Use this tab later if the workbook gets crowded.
A4: DPG-style spine | B4: Response_Intake -> Report_Data -> Report_Export -> Report_Control -> PDFMonkey_Payload

Sheet Report_Export
A1: Participant_ID | B1: Participant_Name | C1: Self_Overall | D1: Peer_Overall | E1: Overall_Gap | F1: Self_Love | G1: Peer_Love | H1: Love_Gap | I1: Self_Joy | J1: Peer_Joy | K1: Joy_Gap | L1: Self_Peace | M1: Peer_Peace | N1: Peace_Gap | O1: Self_Patience | P1: Peer_Patience | Q1: Patience_Gap | R1: Self_Kindness | S1: Peer_Kindness | T1: Kindness_Gap | U1: Self_Goodness | V1: Peer_Goodness | W1: Goodness_Gap | X1: Self_Faithfulness | Y1: Peer_Faithfulness | Z1: Faithfulness_Gap | AA1: Self_Gentleness | AB1: Peer_Gentleness | AC1: Gentleness_Gap | AD1: Self_SelfControl | AE1: Peer_SelfControl | AF1: SelfControl_Gap | AG1: Top_Self_Fruit | AH1: Top_Peer_Fruit | AI1: Growth_Focus_Fruit | AJ1: Most_Visible_List | AK1: Growth_Focus_List | AL1: Peer_Strength_Comments | AM1: Peer_Growth_Comments | AN1: Peer_Encouragement_Comments
C2: =IFERROR(AVERAGE(F2,I2,L2,O2,R2,U2,X2,AA2,AD2),"") | D2: =IFERROR(AVERAGE(G2,J2,M2,P2,S2,V2,Y2,AB2,AE2),"") | E2: =IF(OR(C2="",D2=""),"",C2-D2) | H2: =IF(OR(F2="",G2=""),"",F2-G2) | K2: =IF(OR(I2="",J2=""),"",I2-J2) | N2: =IF(OR(L2="",M2=""),"",L2-M2) | Q2: =IF(OR(O2="",P2=""),"",O2-P2) | T2: =IF(OR(R2="",S2=""),"",R2-S2) | W2: =IF(OR(U2="",V2=""),"",U2-V2) | Z2: =IF(OR(X2="",Y2=""),"",X2-Y2) | AC2: =IF(OR(AA2="",AB2=""),"",AA2-AB2) | AF2: =IF(OR(AD2="",AE2=""),"",AD2-AE2)

Sheet Report_Control
A1: Setting | B1: Value | C1: Notes
A2: Report_Export_Row | B2: 2 | C2: Change this row number to preview/generate a different report.
A3: Participant_ID | B3: {=INDEX(Report_Export!A:A,B2)} | C3: Pulled from Report_Export.
A4: Participant_Name | B4: {=INDEX(Report_Export!B:B,B2)} | C4: Pulled from Report_Export.

Sheet PDFMonkey_Payload
A1: participant_id | B1: participant_name | C1: self_overall | D1: peer_overall | E1: overall_gap | F1: self_love | G1: peer_love | H1: love_gap | I1: self_joy | J1: peer_joy | K1: joy_gap | L1: self_peace | M1: peer_peace | N1: peace_gap | O1: self_patience | P1: peer_patience | Q1: patience_gap | R1: self_kindness | S1: peer_kindness | T1: kindness_gap | U1: self_goodness | V1: peer_goodness | W1: goodness_gap | X1: self_faithfulness | Y1: peer_faithfulness | Z1: faithfulness_gap | AA1: self_gentleness | AB1: peer_gentleness | AC1: gentleness_gap | AD1: self_selfcontrol | AE1: peer_selfcontrol | AF1: selfcontrol_gap | AG1: top_self_fruit | AH1: top_peer_fruit | AI1: growth_focus_fruit | AJ1: most_visible_list | AK1: growth_focus_list | AL1: peer_strength_comments | AM1: peer_growth_comments | AN1: peer_encouragement_comments
A2: {=INDEX(Report_Export!A:A,Report_Control!$B$2)} | B2: {=INDEX(Report_Export!B:B,Report_Control!$B$2)} | C2: {=INDEX(Report_Export!C:C,Report_Control!$B$2)} | D2: {=INDEX(Report_Export!D:D,Report_Control!$B$2)} | E2: {=INDEX(Report_Export!E:E,Report_Control!$B$2)} | F2: {=INDEX(Report_Export!F:F,Report_Control!$B$2)} | G2: {=INDEX(Report_Export!G:G,Report_Control!$B$2)} | H2: {=INDEX(Report_Export!H:H,Report_Control!$B$2)} | I2: {=INDEX(Report_Export!I:I,Report_Control!$B$2)} | J2: {=INDEX(Report_Export!J:J,Report_Control!$B$2)} | K2: {=INDEX(Report_Export!K:K,Report_Control!$B$2)} | L2: {=INDEX(Report_Export!L:L,Report_Control!$B$2)} | M2: {=INDEX(Report_Export!M:M,Report_Control!$B$2)} | N2: {=INDEX(Report_Export!N:N,Report_Control!$B$2)} | O2: {=INDEX(Report_Export!O:O,Report_Control!$B$2)} | P2: {=INDEX(Report_Export!P:P,Report_Control!$B$2)} | Q2: {=INDEX(Report_Export!Q:Q,Report_Control!$B$2)} | R2: {=INDEX(Report_Export!R:R,Report_Control!$B$2)} | S2: {=INDEX(Report_Export!S:S,Report_Control!$B$2)} | T2: {=INDEX(Report_Export!T:T,Report_Control!$B$2)} | U2: {=INDEX(Report_Export!U:U,Report_Control!$B$2)} | V2: {=INDEX(Report_Export!V:V,Report_Control!$B$2)} | W2: {=INDEX(Report_Export!W:W,Report_Control!$B$2)} | X2: {=INDEX(Report_Export!X:X,Report_Control!$B$2)} | Y2: {=INDEX(Report_Export!Y:Y,Report_Control!$B$2)} | Z2: {=INDEX(Report_Export!Z:Z,Report_Control!$B$2)} | AA2: {=INDEX(Report_Export!AA:AA,Report_Control!$B$2)} | AB2: {=INDEX(Report_Export!AB:AB,Report_Control!$B$2)} | AC2: {=INDEX(Report_Export!AC:AC,Report_Control!$B$2)} | AD2: {=INDEX(Report_Export!AD:AD,Report_Control!$B$2)} | AE2: {=INDEX(Report_Export!AE:AE,Report_Control!$B$2)} | AF2: {=INDEX(Report_Export!AF:AF,Report_Control!$B$2)} | AG2: {=INDEX(Report_Export!AG:AG,Report_Control!$B$2)} | AH2: {=INDEX(Report_Export!AH:AH,Report_Control!$B$2)} | AI2: {=INDEX(Report_Export!AI:AI,Report_Control!$B$2)} | AJ2: {=INDEX(Report_Export!AJ:AJ,Report_Control!$B$2)} | AK2: {=INDEX(Report_Export!AK:AK,Report_Control!$B$2)} | AL2: {=SUBSTITUTE(SUBSTITUTE(INDEX(Report_Export!AL:AL,Report_Control!$B$2),CHAR(13),""),CHAR(10),"<br><br>")} | AM2: {=SUBSTITUTE(SUBSTITUTE(INDEX(Report_Export!AM:AM,Report_Control!$B$2),CHAR(13),""),CHAR(10),"<br><br>")} | AN2: {=SUBSTITUTE(SUBSTITUTE(INDEX(Report_Export!AN:AN,Report_Control!$B$2),CHAR(13),""),CHAR(10),"<br><br>")}

Sheet Version_Notes
A1: Date | B1: Version | C1: Notes
A2: 2026-06-16 | B2: 0.1 | C2: Starter workbook generated from local Fruit of the Spirit assessment project.
